tell me about gardening,"Gardening tips include choosing the right plants for your climate, watering properly, and using organic fertilizers.",2024-12-21 18:32:23
tell me about gardening,"Gardening tips include choosing the right plants for your climate, watering properly, and using organic fertilizers.",2024-12-21 18:52:06
how to study good,"Mindfulness is the practice of being fully present in the moment, observing thoughts and feelings without judgment.",2024-12-21 18:55:11
what is age of virat kohli,"Mindfulness techniques include meditation, deep breathing, body scanning, and mindful eating.",2024-12-21 19:07:26
why are you not good,My purpose is to assist you,2024-12-21 19:25:05
you are unhelpful,My purpose is to assist you,2024-12-21 19:57:02
dfa,"Gardening tips include choosing the right plants for your climate, watering properly, and using organic fertilizers.",2024-12-21 19:57:08
hello,Hello,2024-12-29 14:00:37
Are you real human,"I'm sorry, I don't understand that. Can you please rephrase?",2024-12-29 15:04:41
hello,"I'm sorry, I don't understand that. Can you please rephrase?",2024-12-29 15:05:28
hi,"I'm sorry, I don't understand that. Can you please rephrase?",2024-12-29 15:11:00
Are you real human,"I'm sorry, I don't understand that. Can you please rephrase?",2024-12-29 15:49:28
hi,Hi there,2024-12-29 16:09:57
what is your name,My name is Chatbot.,2024-12-29 16:10:12
DSde,"I'm sorry, I don't understand that. Can you please rephrase?",2024-12-29 16:10:58
abra ka dabra,"I am a chatbot, developed by Yashraj Dudhe",2024-12-29 18:40:28
are you human,I am a chatbot,2024-12-29 18:44:04
where do you live,I am virtual chatbot and I live in the digital world,2024-12-29 18:44:22
are you real human,I am virtual chatbot and I live in the digital world,2024-12-29 18:46:09
How do you work?,I am a chatbot,2024-12-29 18:51:53
how do you  work,I use machine learning to respond to your queries.,2025-01-04 10:37:14
hi,"I'm fine, thank you",2025-01-04 11:17:54
what to you do,My purpose is to assist you,2025-01-04 11:18:17
how do you work,I use machine learning to respond to your queries.,2025-01-04 11:19:33
hello,Hi there,2025-01-04 11:24:09
how are you,I am a chatbot,2025-01-04 11:24:52
hello,"I'm fine, thank you",2025-01-04 11:26:16
good morning,"I'm sorry, I don't understand that. Can you please rephrase?",2025-01-04 11:30:17
hey afternoon,Afternoon! How can I make your day better?,2025-01-04 11:32:57
i am feeling sad,You're not alone in feeling this way. Let's talk about it.,2025-01-04 11:48:00
how can i deal with depression,I'm committed to improving. Your feedback helps me grow.,2025-01-04 11:48:37
i am depressed,Feel free to expand on that. I'm listening.,2025-01-04 15:54:49
how to come out of depression,Please elaborate. I'd like to hear more.,2025-01-04 15:55:15
What is your purpose,My purpose is to assist you in your work.,2025-01-04 16:14:22
what is this chatbot for,"This chatbot is designed to provide mental health support, tips, and resources. It can help you manage stress, anxiety, and other common mental health concerns, but itâ€™s not a substitute for professional therapy or medical advice",2025-01-04 16:14:51
